"Player","ATT","YDS","Y/A","LG","20+","TD","REC","TGT","YDS","Y/R","TD","FL","G","FPTS","FPTS/G","OWN"
"Todd Gurley (LAR)","256","1,251","4.9","36","11","17","59","81","580","9.8","4","1","14","313.1","22.4","49.7%"
"Saquon Barkley (NYG)","261","1,307","5.0","78","16","11","91","121","721","7.9","4","0","16","294.8","18.4","49.7%"
"Christian McCaffrey (CAR)","219","1,098","5.0","59","6","7","107","124","867","8.1","6","1","16","278.5","17.4","49.8%"
"Alvin Kamara (NO)","194","883","4.6","49","1","14","81","105","709","8.8","4","0","15","273.2","18.2","49.8%"
"Ezekiel Elliott (DAL)","304","1,435","4.7","41","11","6","77","95","567","7.4","3","1","15","252.2","16.8","49.7%"
"Melvin Gordon (LAC)","175","885","5.1","34","9","10","50","66","490","9.8","4","0","12","225.5","18.8","49.7%"
"James Conner (PIT)","215","973","4.5","30","9","12","55","71","497","9.0","1","2","13","225.0","17.3","49.7%"
"Kareem Hunt (CLE)","181","824","4.6","45","7","7","26","35","378","14.5","7","0","11","204.2","18.6","40.7%"
"Joe Mixon (CIN)","237","1,168","4.9","51","11","8","43","55","296","6.9","1","0","14","200.4","14.3","49.6%"
"David Johnson (ARI)","258","940","3.6","53","2","7","50","76","446","8.9","3","2","16","196.7","12.3","49.6%"
"James White (NE)","94","425","4.5","27","5","5","87","123","751","8.6","7","0","16","189.6","11.9","48.1%"
"Phillip Lindsay (DEN)","192","1,037","5.4","65","8","9","35","47","241","6.9","1","0","15","187.8","12.5","48.4%"
"Derrick Henry (TEN)","215","1,059","4.9","99","4","12","15","18","99","6.6","0","1","16","186.3","11.6","49.1%"
"Chris Carson (SEA)","247","1,151","4.7","61","8","9","20","24","163","8.2","0","2","14","181.4","13.0","47.8%"
"Nick Chubb (CLE)","192","996","5.2","92","11","8","20","29","149","7.5","2","0","16","174.5","10.9","49.5%"
"Adrian Peterson (WAS)","251","1,042","4.2","90","5","7","20","26","208","10.4","1","2","16","169.0","10.6","17.7%"
"Tarik Cohen (CHI)","99","444","4.5","32","7","3","71","90","725","10.2","5","3","16","162.9","10.2","47.0%"
"Tevin Coleman (SF)","167","800","4.8","65","8","4","32","44","276","8.6","5","0","16","161.6","10.1","46.1%"
"Marlon Mack (IND)","195","908","4.7","49","7","9","17","26","103","6.1","1","2","12","161.1","13.4","48.4%"
"Jordan Howard (PHI)","250","935","3.7","42","5","9","20","27","145","7.3","0","1","16","160.0","10.0","44.4%"
"Kenyan Drake (MIA)","120","535","4.5","54","4","4","53","73","477","9.0","5","1","16","153.2","9.6","46.8%"
"Lamar Miller (HOU)","210","973","4.6","97","6","5","25","35","163","6.5","1","1","14","147.6","10.5","46.4%"
"Aaron Jones (GB)","133","729","5.5","67","4","8","26","35","206","7.9","1","1","12","145.5","12.1","48.7%"
"Matt Breida (SF)","153","814","5.3","66","10","3","27","31","261","9.7","2","1","14","135.5","9.7","19.8%"
"Sony Michel (NE)","209","931","4.5","34","4","6","7","11","50","7.1","0","1","13","132.1","10.2","48.7%"
"Peyton Barber (TB)","234","871","3.7","28","4","5","20","29","92","4.6","1","1","16","130.3","8.1","34.8%"
"Austin Ekeler (LAC)","106","554","5.2","41","4","3","39","53","404","10.4","3","1","14","129.8","9.3","37.8%"
"Mark Ingram (BAL)","138","645","4.7","38","3","6","21","27","170","8.1","1","1","12","121.5","10.1","47.5%"
"Isaiah Crowell (OAK)","143","685","4.8","77","6","6","21","28","152","7.2","0","0","13","119.7","9.2","2.1%"
"T.J. Yeldon (BUF)","104","414","4.0","20","1","1","55","77","487","8.9","4","1","14","118.1","8.4","3.0%"
"Dalvin Cook (MIN)","133","615","4.6","70","4","2","40","49","305","7.6","2","2","11","112.0","10.2","49.4%"
"Latavius Murray (NO)","140","578","4.1","38","6","6","22","26","141","6.4","0","0","16","109.9","6.9","37.9%"
"Kerryon Johnson (DET)","118","641","5.4","71","6","3","32","39","213","6.7","1","1","10","107.4","10.7","48.3%"
"Mike Davis (CHI)","112","514","4.6","37","2","4","34","42","214","6.3","1","0","15","102.8","6.9","2.3%"
"Doug Martin (OAK)","172","723","4.2","29","2","4","18","24","116","6.4","0","3","16","101.9","6.4","1.8%"
"Dion Lewis (TEN)","155","517","3.3","36","2","1","59","67","400","6.8","1","1","16","101.7","6.4","20.5%"
"Leonard Fournette (JAC)","133","439","3.3","25","2","5","22","26","185","8.4","1","0","8","98.4","12.3","49.4%"
"Nyheim Hines (IND)","85","314","3.7","18","0","2","63","81","425","6.7","2","0","16","97.9","6.1","35.8%"
"Alex Collins (FA)","114","411","3.6","19","0","7","15","21","105","7.0","1","3","10","93.6","9.4","1.0%"
"LeSean McCoy (BUF)","161","514","3.2","28","3","3","34","46","238","7.0","0","0","14","93.2","6.7","44.7%"
"Frank Gore (BUF)","156","722","4.6","39","5","0","12","16","124","10.3","1","0","14","90.6","6.5","1.7%"
"Wendell Smallwood (PHI)","87","364","4.2","15","0","3","28","35","230","8.2","2","1","16","89.4","5.6","0.6%"
"Jalen Richard (OAK)","55","259","4.7","30","3","1","68","81","607","8.9","0","2","16","88.6","5.5","15.8%"
"Carlos Hyde (KC)","172","571","3.3","22","1","5","10","16","33","3.3","0","1","14","88.4","6.3","22.1%"
"Gus Edwards (BAL)","137","718","5.2","43","4","2","2","2","20","10.0","0","0","11","87.8","8.0","3.7%"
"Jamaal Williams (GB)","121","464","3.8","20","1","3","27","41","210","7.8","0","0","16","87.4","5.5","6.3%"
"Royce Freeman (DEN)","130","521","4.0","24","2","5","14","20","72","5.1","0","1","14","87.3","6.2","29.4%"
"Duke Johnson (CLE)","40","201","5.0","23","1","0","47","62","429","9.1","3","0","16","85.0","5.3","13.9%"
"Alfred Blue (JAC)","150","499","3.3","17","0","2","20","27","154","7.7","0","0","16","77.3","4.8","0.9%"
"LeGarrette Blount (FA)","154","418","2.7","27","2","5","10","15","67","6.7","0","1","16","76.5","4.8","0.7%"
"Damien Williams (KC)","50","256","5.1","25","3","4","23","24","160","7.0","2","1","16","75.6","4.7","47.6%"
"Josh Adams (PHI)","120","511","4.3","29","4","3","7","13","58","8.3","0","1","16","74.9","4.7","1.3%"
"Ito Smith (ATL)","90","315","3.5","18","0","4","27","32","152","5.6","0","0","14","70.7","5.1","6.5%"
"Elijah McGuire (NYJ)","92","276","3.0","34","1","3","19","31","193","10.2","1","2","8","66.9","8.4","5.5%"
"Chris Ivory (FA)","115","385","3.3","21","2","1","13","21","206","15.8","0","0","13","65.1","5.0","0.4%"
"Marshawn Lynch (FA)","90","376","4.2","52","1","3","15","20","84","5.6","0","0","6","64.0","10.7","16.0%"
"C.J. Anderson (DET)","67","403","6.0","46","3","2","5","9","41","8.2","1","0","11","62.4","5.7","5.4%"
"Jaylen Samuels (PIT)","56","256","4.6","25","1","0","26","29","199","7.7","3","0","14","61.8","4.4","10.4%"
"Rashaad Penny (SEA)","85","419","4.9","38","4","2","9","12","75","8.3","0","0","14","61.4","4.4","40.8%"
"Giovani Bernard (CIN)","56","211","3.8","23","2","3","35","48","218","6.2","0","0","12","60.9","5.1","5.1%"
"Alfred Morris (FA)","111","428","3.9","51","3","2","8","14","73","9.1","0","1","12","60.1","5.0","0.2%"
"Corey Clement (PHI)","68","259","3.8","32","2","2","22","25","192","8.7","0","0","11","59.1","5.4","0.9%"
"Spencer Ware (IND)","51","246","4.8","34","2","2","20","23","224","11.2","0","0","13","59.0","4.5","5.9%"
"Javorius Allen (NO)","41","110","2.7","17","0","3","35","43","196","5.6","2","1","14","58.6","4.2","0.5%"
"Theo Riddick (DET)","40","171","4.3","19","0","0","61","75","384","6.3","0","0","14","55.5","4.0","3.0%"
"Chris Thompson (WAS)","43","178","4.1","16","0","0","41","55","268","6.5","1","0","10","50.6","5.1","10.5%"
"Zach Zenner (DET)","55","265","4.8","29","1","3","7","10","56","8.0","0","0","8","50.1","6.3","0.2%"
"Devontae Booker (DEN)","34","183","5.4","26","1","1","38","51","275","7.2","0","1","16","49.8","3.1","0.8%"
"Bilal Powell (NYJ)","80","343","4.3","38","2","0","11","18","110","10.0","1","1","7","49.3","7.0","0.6%"
"Kenneth Dixon (BAL)","60","333","5.6","37","2","2","6","7","51","8.5","0","1","6","48.4","8.1","1.2%"
"Ty Montgomery (NYJ)","41","188","4.6","16","0","1","25","40","235","9.4","0","1","13","46.2","3.6","1.0%"
"Justin Jackson (LAC)","50","206","4.1","20","1","2","15","19","135","9.0","0","0","13","46.1","3.5","3.0%"
"Darren Sproles (FA)","29","120","4.1","17","0","1","15","23","160","10.7","2","0","6","46.0","7.7","0.6%"
"Kapri Bibbs (FA)","21","103","4.9","15","0","3","16","23","115","7.2","1","0","12","45.8","3.8","0.2%"
"Jacquizz Rodgers (FA)","33","106","3.2","20","1","1","38","45","304","8.0","0","1","16","45.0","2.8","0.2%"
"Jordan Wilkins (IND)","60","336","5.6","53","1","1","16","17","85","5.3","0","2","16","44.1","2.8","0.8%"
"Chase Edmonds (ARI)","60","208","3.5","29","2","2","20","23","103","5.2","0","0","16","43.1","2.7","1.8%"
"Jay Ajayi (FA)","45","184","4.1","20","1","3","5","6","20","4.0","0","1","4","38.4","9.6","3.3%"
"Kyle Juszczyk (SF)","8","30","3.8","12","0","0","30","40","324","10.8","1","2","16","37.4","2.3","0.3%"
"Rex Burkhead (NE)","57","186","3.3","12","0","0","14","20","131","9.4","1","1","8","35.7","4.5","1.7%"
"Malcolm Brown (LAR)","43","212","4.9","19","0","0","5","7","52","10.4","1","0","12","34.4","2.9","1.5%"
"Raheem Mostert (SF)","34","261","7.7","52","2","1","6","7","25","4.2","0","1","9","32.6","3.6","0.3%"
"Jeff Wilson (SF)","66","266","4.0","18","0","0","12","15","98","8.2","0","2","6","32.4","5.4","0.5%"
"Trenton Cannon (NYJ)","38","113","3.0","21","1","1","17","25","144","8.5","0","0","16","31.7","2.0","0.3%"
"James Develin (NE)","6","8","1.3","2","0","4","12","18","61","5.1","0","0","16","30.9","1.9","0.1%"
"Wayne Gallman (NYG)","51","176","3.5","9","0","1","14","22","89","6.4","0","1","15","30.5","2.0","0.7%"
"Kalen Ballage (MIA)","36","191","5.3","75","1","1","9","11","56","6.2","0","1","12","28.7","2.4","7.7%"
"Marcus Murphy (BUF)","52","250","4.8","30","1","0","11","19","26","2.4","0","0","11","27.6","2.5","0.2%"
"Brandon Bolden (NE)","8","91","11.4","54","1","2","3","3","13","4.3","1","1","16","26.4","1.7","0.0%"
"Rod Smith (NYG)","44","127","2.9","14","0","1","9","12","60","6.7","0","0","16","24.7","1.5","0.3%"
"Andy Janovich (DEN)","2","5","2.5","3","0","0","8","10","112","14.0","1","0","16","17.7","1.1","0.1%"
"Zach Line (NO)","9","41","4.6","9","0","0","5","10","14","2.8","2","0","16","17.5","1.1","0.0%"
"Anthony Sherman (KC)","1","2","2.0","2","0","0","8","9","96","12.0","1","0","16","15.8","1.0","0.1%"
"Dwayne Washington (NO)","27","154","5.7","28","3","0","0","0","0","0","0","0","13","15.4","1.2","0.1%"
"Taquan Mizzell (CHI)","9","16","1.8","7","0","0","8","10","78","9.8","1","0","9","15.4","1.7","0.1%"
"Brian Hill (ATL)","20","157","7.9","60","3","0","1","2","9","9.0","0","1","10","14.6","1.5","0.1%"
"Cameron Artis-Payne (CAR)","19","69","3.6","15","0","1","3","4","15","5.0","0","0","9","14.4","1.6","0.3%"
"Alex Armah (CAR)","9","15","1.7","4","0","2","1","1","5","5.0","0","0","16","14.0","0.9","0.0%"
"Ronald Jones II (TB)","23","44","1.9","9","0","1","7","9","33","4.7","0","0","9","13.7","1.5","30.0%"
"Darrel Williams (KC)","13","44","3.4","8","0","0","3","3","27","9.0","1","0","4","13.1","3.3","0.3%"
"Stevan Ridley (FA)","29","80","2.8","12","0","1","3","4","18","6.0","0","2","10","11.8","1.2","0.1%"
"Corey Grant (FA)","13","40","3.1","8","0","0","9","12","67","7.4","0","0","5","10.7","2.1","0.2%"
"DeAndre Washington (OAK)","30","115","3.8","13","0","0","1","1","9","9.0","0","1","10","10.4","1.0","0.2%"
"John Kelly (LAR)","27","74","2.7","7","0","0","2","3","27","13.5","0","0","4","10.1","2.5","0.5%"
"Keith Ford (FA)","21","79","3.8","11","0","0","3","5","21","7.0","0","0","2","10.0","5.0","0.1%"
"Charcandrick West (FA)","2","-1","-0.5","1","0","0","2","3","37","18.5","1","0","3","9.6","3.2","0.1%"
"CJ Ham (MIN)","6","8","1.3","5","0","0","11","15","85","7.7","0","0","15","9.3","0.6","0.0%"
"Devonta Freeman (ATL)","14","68","4.9","20","2","0","5","7","23","4.6","0","0","2","9.1","4.6","49.1%"
"D'Onta Foreman (HOU)","7","-1","-0.1","2","0","0","2","2","28","14.0","1","0","1","8.7","8.7","25.5%"
"Dontrell Hilliard (CLE)","0","0","0","0","0","0","9","10","105","11.7","0","0","11","8.5","0.8","0.2%"
"Elijhaa Penny (NYG)","7","25","3.6","8","0","0","8","9","50","6.3","0","0","14","7.5","0.5","0.0%"
"Mark Walton (MIA)","14","34","2.4","10","0","0","5","8","41","8.2","0","0","14","7.5","0.5","0.3%"
"Kenjon Barner (ATL)","19","71","3.7","11","0","0","1","1","3","3.0","0","0","9","7.4","0.8","0.1%"
"Patrick DiMarco (BUF)","1","9","9.0","9","0","0","3","4","62","20.7","0","0","16","7.1","0.4","0.0%"
"Detrez Newsome (LAC)","11","49","4.5","16","0","0","2","2","19","9.5","0","0","9","6.8","0.8","0.1%"
"Ryan Hewitt (TEN)","0","0","0","0","0","0","1","2","1","1.0","1","0","12","6.1","0.5","0.0%"
"Roc Thomas (MIN)","8","30","3.8","23","1","0","2","4","21","10.5","0","0","5","5.1","1.0","0.1%"
"Mike Boone (MIN)","11","47","4.3","20","1","0","2","3","1","0.5","0","0","8","4.8","0.6","0.2%"
"Roosevelt Nix (PIT)","1","4","4.0","4","0","0","4","6","38","9.5","0","0","16","4.2","0.3","0.0%"
"Tommy Bohanon (FA)","1","0","0.0","0","0","0","6","9","41","6.8","0","0","16","4.1","0.3","0.0%"
"Byron Marshall (WAS)","3","9","3.0","4","0","0","4","6","30","7.5","0","0","6","3.9","0.7","0.0%"
"T.J. Logan (ARI)","2","2","1.0","5","0","0","7","7","37","5.3","0","0","10","3.9","0.4","0.1%"
"Tre Madden (FA)","3","3","1.0","2","0","0","2","3","35","17.5","0","0","14","3.8","0.3","0.0%"
"Samaje Perine (WAS)","8","32","4.0","11","0","0","3","4","5","1.7","0","0","5","3.7","0.7","0.3%"
"David Williams (FA)","8","36","4.5","15","0","0","0","0","0","0","0","0","6","3.6","0.6","0.0%"
"Tyler Ervin (BAL)","0","0","0","0","0","0","3","4","35","11.7","0","0","9","3.5","0.4","0.0%"
"Shaun Wilson (TB)","6","29","4.8","9","0","0","3","5","5","1.7","0","0","5","3.4","0.7","0.0%"
"Mike Gillislee (FA)","16","43","2.7","5","0","0","1","1","9","9.0","0","1","4","3.2","0.8","0.1%"
"Jeremy Hill (FA)","4","25","6.3","11","0","0","1","1","6","6.0","0","0","1","3.1","3.1","0.3%"
"Benny Cunningham (JAC)","11","20","1.8","6","0","0","1","2","9","9.0","0","0","15","2.9","0.2","0.1%"
"Jeremy Langford (FA)","9","25","2.8","7","0","0","0","0","0","0","0","0","1","2.5","2.5","0.0%"
"Keith Smith (OAK)","1","0","0.0","0","0","0","5","7","23","4.6","0","0","16","2.3","0.1","0.0%"
"Travaris Cadet (FA)","11","17","1.5","5","0","0","1","1","5","5.0","0","0","1","2.2","2.2","0.0%"
"De'Lance Turner (BAL)","1","4","4.0","4","0","0","2","2","17","8.5","0","0","4","2.1","0.5","0.0%"
"Derrick Coleman (FA)","2","3","1.5","2","0","0","2","3","17","8.5","0","0","16","2.0","0.1","0.0%"
"C.J. Prosise (SEA)","1","-3","-3.0","0","0","0","3","3","22","7.3","0","0","5","1.9","0.4","0.2%"
"Justin Davis (LAR)","2","19","9.5","19","0","0","0","0","0","0","0","0","11","1.9","0.2","0.1%"
"Jonathan Stewart (FA)","6","17","2.8","5","0","0","0","0","0","0","0","0","3","1.7","0.6","0.1%"
"David Fluellen (TEN)","4","16","4.0","13","0","0","0","0","0","0","0","0","7","1.6","0.2","0.0%"
"Darius Jackson (DAL)","6","16","2.7","4","0","0","0","1","0","0","0","0","4","1.6","0.4","0.1%"
"Brandon Wilds (FA)","6","15","2.5","5","0","0","0","0","0","0","0","0","3","1.5","0.5","0.0%"
"Jamaal Charles (FA)","6","7","1.2","5","0","0","2","3","7","3.5","0","0","2","1.4","0.7","0.1%"
"Jamize Olawale (DAL)","0","0","0","0","0","0","2","4","13","6.5","0","0","16","1.3","0.1","0.0%"
"Derek Watt (LAC)","4","11","2.8","8","0","0","1","1","2","2.0","0","0","16","1.3","0.1","0.1%"
"Ricky Ortiz (ATL)","0","0","0","0","0","0","3","4","11","3.7","0","0","12","1.1","0.1","0.0%"
"Christine Michael (FA)","2","9","4.5","8","0","0","0","0","0","0","0","0","1","0.9","0.9","0.0%"
"Ameer Abdullah (MIN)","1","1","1.0","1","0","0","3","4","28","9.3","0","1","10","0.9","0.1","0.3%"
"Robert Kelley (FA)","4","8","2.0","6","0","0","0","0","0","0","0","0","2","0.8","0.4","0.1%"
"J.D. McKissic (SEA)","3","8","2.7","6","0","0","0","1","0","0","0","0","5","0.8","0.2","0.2%"
"Michael Burton (NO)","0","0","0","0","0","0","1","1","6","6.0","0","0","8","0.6","0.1","0.0%"
"Jeremy McNichols (TEN)","2","4","2.0","7","0","0","0","0","0","0","0","0","1","0.4","0.4","0.1%"
"Dan Vitale (GB)","0","0","0","0","0","0","1","2","2","2.0","0","0","5","0.2","0.0","0.0%"
"Jonathan Williams (IND)","3","0","0.0","1","0","0","1","1","1","1.0","0","0","3","0.1","0.0","0.1%"
"Aaron Stecker (ATL)","0","0","0","0","0","0","0","0","0","0","0","0","0","0","0",""
"Ahman Green (GB)","0","0","0","0","0","0","0","0","0","0","0","0","0","0","0",""
"Albert Young (JAC)","0","0","0","0","0","0","0","0","0","0","0","0","0","0","0",""
"Alvin Pearman (TEN)","0","0","0","0","0","0","0","0","0","0","0","0","0","0","0",""
"Anthony Alridge (WAS)","0","0","0","0","0","0","0","0","0","0","0","0","0","0","0",""
"Antonio Pittman (LAR)","0","0","0","0","0","0","0","0","0","0","0","0","0","0","0",""
"B.J. Askew (TB)","0","0","0","0","0","0","0","0","0","0","0","0","0","0","0",""
"Brad Hoover (CAR)","0","0","0","0","0","0","0","0","0","0","0","0","0","0","0",""
"Carey Davis (WAS)","0","0","0","0","0","0","0","0","0","0","0","0","0","0","0",""
"Chad Simpson (WAS)","0","0","0","0","0","0","0","0","0","0","0","0","0","0","0",""
"Chris Henry (SEA)","0","0","0","0","0","0","0","0","0","0","0","0","0","0","0",""
"Clifton Smith (CLE)","0","0","0","0","0","0","0","0","0","0","0","0","0","0","0",""
"Correll Buckhalter (DEN)","0","0","0","0","0","0","0","0","0","0","0","0","0","0","0",""
"Dan Kreider (ARI)","0","0","0","0","0","0","0","0","0","0","0","0","0","0","0",""
"Dantrell Savage (CAR)","0","0","0","0","0","0","0","0","0","0","0","0","0","0","0",""
"Deon Anderson (MIA)","0","0","0","0","0","0","0","0","0","0","0","0","0","0","0",""
"DeShawn Wynn (NO)","0","0","0","0","0","0","0","0","0","0","0","0","0","0","0",""
"Edgerrin James (SEA)","0","0","0","0","0","0","0","0","0","0","0","0","0","0","0",""
"Fred Taylor (NE)","0","0","0","0","0","0","0","0","0","0","0","0","0","0","0",""
"Gartrell Johnson (ATL)","0","0","0","0","0","0","0","0","0","0","0","0","0","0","0",""
"Gary Russell (OAK)","0","0","0","0","0","0","0","0","0","0","0","0","0","0","0",""
"Jamal Lewis (CLE)","0","0","0","0","0","0","0","0","0","0","0","0","0","0","0",""
"Jason McKie (BAL)","0","0","0","0","0","0","0","0","0","0","0","0","0","0","0",""
"Jason Wright (ARI)","0","0","0","0","0","0","0","0","0","0","0","0","0","0","0",""
"Javarris Williams (HOU)","0","0","0","0","0","0","0","0","0","0","0","0","0","0","0",""
"Jeremi Johnson (CIN)","0","0","0","0","0","0","0","0","0","0","0","0","0","0","0",""
"Justin Fargas (DEN)","0","0","0","0","0","0","0","0","0","0","0","0","0","0","0",""
"Justin Griffith (HOU)","0","0","0","0","0","0","0","0","0","0","0","0","0","0","0",""
"Kahlil Bell (GB)","0","0","0","0","0","0","0","0","0","0","0","0","0","0","0",""
"Kenneth Darby (STL)","0","0","0","0","0","0","0","0","0","0","0","0","0","0","0",""
"Kenny Irons (CIN)","0","0","0","0","0","0","0","0","0","0","0","0","0","0","0",""
"Kolby Smith (JAC)","0","0","0","0","0","0","0","0","0","0","0","0","0","0","0",""
"Korey Hall (ARI)","0","0","0","0","0","0","0","0","0","0","0","0","0","0","0",""
"Kyle Eckel (NO)","0","0","0","0","0","0","0","0","0","0","0","0","0","0","0",""
"Ladell Betts (NO)","0","0","0","0","0","0","0","0","0","0","0","0","0","0","0",""
"LaMont Jordan (DEN)","0","0","0","0","0","0","0","0","0","0","0","0","0","0","0",""
"LenDale White (DEN)","0","0","0","0","0","0","0","0","0","0","0","0","0","0","0",""
"Leonard Weaver (PHI)","0","0","0","0","0","0","0","0","0","0","0","0","0","0","0",""
"Louis Rankin (OAK)","0","0","0","0","0","0","0","0","0","0","0","0","0","0","0",""
"Luke Lawton (OAK)","0","0","0","0","0","0","0","0","0","0","0","0","0","0","0",""
"Madison Hedgecock (NYG)","0","0","0","0","0","0","0","0","0","0","0","0","0","0","0",""
"Marcus Mailei (NO)","0","0","0","0","0","0","0","0","0","0","0","0","0","0","0",""
"Marcus Mason (LAC)","0","0","0","0","0","0","0","0","0","0","0","0","0","0","0",""
"Matt Lawrence (BAL)","0","0","0","0","0","0","0","0","0","0","0","0","0","0","0",""
"Naufahu Tahi (MIN)","0","0","0","0","0","0","0","0","0","0","0","0","0","0","0",""
"Oren O'Neal (OAK)","0","0","0","0","0","0","0","0","0","0","0","0","0","0","0",""
"Quinton Ganther (BUF)","0","0","0","0","0","0","0","0","0","0","0","0","0","0","0",""
"Ryan Moats (HOU)","0","0","0","0","0","0","0","0","0","0","0","0","0","0","0",""
"Samkon Gado (TEN)","0","0","0","0","0","0","0","0","0","0","0","0","0","0","0",""
"Terrelle Smith (DET)","0","0","0","0","0","0","0","0","0","0","0","0","0","0","0",""
"Tim Castille (KC)","0","0","0","0","0","0","0","0","0","0","0","0","0","0","0",""
"Verron Haynes (ATL)","0","0","0","0","0","0","0","0","0","0","0","0","0","0","0",""
"Willie Parker (WAS)","0","0","0","0","0","0","0","0","0","0","0","0","0","0","0",""
"Xavier Omon (SF)","0","0","0","0","0","0","0","0","0","0","0","0","0","0","0",""
"J.J. Arrington (PHI)","0","0","0","0","0","0","0","0","0","0","0","0","0","0","0",""
"Garrett Mills (NE)","0","0","0","0","0","0","0","0","0","0","0","0","0","0","0",""
"Devin Moore (IND)","0","0","0","0","0","0","0","0","0","0","0","0","0","0","0",""
"Andre Anderson (BUF)","0","0","0","0","0","0","0","0","0","0","0","0","0","0","0",""
"Javarris James (ARI)","0","0","0","0","0","0","0","0","0","0","0","0","0","0","0",""
"Jehuu Caulcrick (BUF)","0","0","0","0","0","0","0","0","0","0","0","0","0","0","0",""
"Reagan Maui'a (ARI)","0","0","0","0","0","0","0","0","0","0","0","0","0","0","0",""
"Taiwan Jones (HOU)","0","0","0","0","0","0","0","2","0","0","0","0","6","0.0","0.0","0.0%"
"Shane Bannon (KC)","0","0","0","0","0","0","0","0","0","0","0","0","0","0","0",""
"Jay Finley (CIN)","0","0","0","0","0","0","0","0","0","0","0","0","0","0","0",""
"Chad Spann (HOU)","0","0","0","0","0","0","0","0","0","0","0","0","0","0","0",""
"Isaac Odim (LAC)","0","0","0","0","0","0","0","0","0","0","0","0","0","0","0",""
"Nick Bellore (SEA)","1","0","0.0","0","0","0","4","4","15","3.8","0","0","14","0.0","0.0","0.2%"
"Eddie Williams (CLE)","0","0","0","0","0","0","0","0","0","0","0","0","0","0","0",""
"Ryan Mahaffey (IND)","0","0","0","0","0","0","0","0","0","0","0","0","0","0","0",""
"Rodney Stewart (CIN)","0","0","0","0","0","0","0","0","0","0","0","0","0","0","0",""
"Tavon Austin (DAL)","6","55","9.2","18","0","0","8","13","140","17.5","2","0","7","0.0","0.0","0.3%"
"Le'Veon Bell (NYJ)","0","0","0","0","0","0","0","0","0","0","0","0","0","0","0","49.7%"
"Andre Ellington (TB)","0","0","0","0","0","0","0","0","0","0","0","0","0","0","0","0.2%"
"Carlin Isles (DET)","0","0","0","0","0","0","0","0","0","0","0","0","0","0","0",""
"Willie Carter (CHI)","0","0","0","0","0","0","0","0","0","0","0","0","0","0","0",""
"Jerick McKinnon (SF)","0","0","0","0","0","0","0","0","0","0","0","0","0","0","0","38.5%"
"Tim Flanders (NO)","0","0","0","0","0","0","0","0","0","0","0","0","0","0","0",""
"Senorise Perry (BUF)","0","0","0","0","0","0","0","0","0","0","0","0","16","0.0","0.0","0.0%"
"Brennan Clay (DEN)","0","0","0","0","0","0","0","0","0","0","0","0","0","0","0",""
"Malcolm Johnson (GB)","0","0","0","0","0","0","0","0","0","0","0","0","0","0","0","0.0%"
"Thomas Rawls (JAC)","0","0","0","0","0","0","0","0","0","0","0","0","1","0.0","0.0","0.1%"
"Paul Perkins (NYG)","0","0","0","0","0","0","0","0","0","0","0","0","0","0","0","0.1%"
"D.J. Foster (ARI)","0","0","0","0","0","0","0","0","0","0","0","0","0","0","0","0.0%"
"Josh Ferguson (HOU)","0","0","0","0","0","0","0","0","0","0","0","0","0","0","0","0.0%"
"Kenneth Farrow (MIA)","0","0","0","0","0","0","0","0","0","0","0","0","0","0","0","0.0%"
"Tra Carson (GB)","0","0","0","0","0","0","0","0","0","0","0","0","6","0.0","0.0","0.0%"
"Troymaine Pope (LAC)","0","0","0","0","0","0","0","0","0","0","0","0","0","0","0","0.0%"
"Joe Williams (FA)","0","0","0","0","0","0","0","0","0","0","0","0","3","0.0","0.0","0.1%"
"Elijah Hood (CAR)","0","0","0","0","0","0","0","0","0","0","0","0","0","0","0","0.1%"
"Brandon Wilson (CIN)","0","0","0","0","0","0","0","0","0","0","0","0","16","0.0","0.0","0.1%"
"Cethan Carter (CIN)","0","0","0","0","0","0","0","0","0","0","0","0","0","0","0","0.0%"
"Matthew Dayes (NO)","0","0","0","0","0","0","0","0","0","0","0","0","7","0.0","0.0","0.0%"
"Khalfani Muhammad (DEN)","0","0","0","0","0","0","0","0","0","0","0","0","0","0","0","0.0%"
"Donnel Pumphrey (PHI)","0","0","0","0","0","0","0","0","0","0","0","0","0","0","0","0.1%"
"Dare Ogunbowale (TB)","0","0","0","0","0","0","0","0","0","0","0","0","2","0.0","0.0","0.0%"
"Shane Smith (FA)","0","0","0","0","0","0","0","0","0","0","0","0","2","0.0","0.0","0.0%"
"Patrick Ricard (BAL)","0","0","0","0","0","0","0","0","0","0","0","0","10","0.0","0.0","0.2%"
"Trey Edmunds (PIT)","0","0","0","0","0","0","0","0","0","0","0","0","4","0.0","0.0","0.1%"
"Derrius Guice (WAS)","0","0","0","0","0","0","0","0","0","0","0","0","0","0","0","46.2%"
"Myles Gaskin (MIA)","0","0","0","0","0","0","0","0","0","0","0","0","0","0","0","0.8%"
"Lavon Coleman (FA)","0","0","0","0","0","0","0","0","0","0","0","0","1","0.0","0.0","0.0%"
"Bo Scarbrough (SEA)","0","0","0","0","0","0","0","0","0","0","0","0","0","0","0","0.1%"
"Ralph Webb (PIT)","0","0","0","0","0","0","0","0","0","0","0","0","0","0","0","0.0%"
"Quinton Flowers (CIN)","0","0","0","0","0","0","0","0","0","0","0","0","0","0","0","0.0%"
"Nick Bawden (DET)","0","0","0","0","0","0","0","0","0","0","0","0","0","0","0","0.0%"
"Boston Scott (PHI)","0","0","0","0","0","0","0","0","0","0","0","0","2","0.0","0.0","0.2%"
"Gregory Howell (HOU)","0","0","0","0","0","0","0","0","0","0","0","0","15","0.0","0.0","0.0%"
"Jordan Chunn (DAL)","0","0","0","0","0","0","0","0","0","0","0","0","0","0","0","0.0%"
"Ryan Nall (CHI)","0","0","0","0","0","0","0","0","0","0","0","0","0","0","0","0.0%"
"Donnie Ernsberger (TB)","0","0","0","0","0","0","0","0","0","0","0","0","2","0.0","0.0","0.0%"
"Malik Williams (PIT)","0","0","0","0","0","0","0","0","0","0","0","0","0","0","0","0.0%"
"Reggie Bonnafon (CAR)","0","0","0","0","0","0","0","0","0","0","0","0","0","0","0","0.0%"
"Chris Ezeala (BAL)","0","0","0","0","0","0","0","0","0","0","0","0","0","0","0","0.0%"
"Elijah Wellman (WAS)","0","0","0","0","0","0","0","0","0","0","0","0","0","0","0","0.0%"
"Chris Warren III (OAK)","0","0","0","0","0","0","0","0","0","0","0","0","0","0","0","0.6%"
"Mark Thompson (DET)","0","0","0","0","0","0","0","0","0","0","0","0","0","0","0","0.0%"
"Robert Martin (NYG)","0","0","0","0","0","0","0","0","0","0","0","0","0","0","0","0.0%"
"Dalyn Dawkins (TEN)","0","0","0","0","0","0","0","0","0","0","0","0","1","0.0","0.0","0.0%"
"Damien Harris (NE)","0","0","0","0","0","0","0","0","0","0","0","0","0","0","0","8.9%"
"David Montgomery (CHI)","0","0","0","0","0","0","0","0","0","0","0","0","0","0","0","43.0%"
"Justice Hill (BAL)","0","0","0","0","0","0","0","0","0","0","0","0","0","0","0","2.5%"
"Bryce Love (WAS)","0","0","0","0","0","0","0","0","0","0","0","0","0","0","0","1.5%"
"Josh Jacobs (OAK)","0","0","0","0","0","0","0","0","0","0","0","0","0","0","0","45.6%"
"Devin Singletary (BUF)","0","0","0","0","0","0","0","0","0","0","0","0","0","0","0","3.9%"
"Miles Sanders (PHI)","0","0","0","0","0","0","0","0","0","0","0","0","0","0","0","39.9%"
"Elijah Holyfield (CAR)","0","0","0","0","0","0","0","0","0","0","0","0","0","0","0","0.3%"
"Jalin Moore (NYJ)","0","0","0","0","0","0","0","0","0","0","0","0","0","0","0","0.0%"
"Patrick Laird (MIA)","0","0","0","0","0","0","0","0","0","0","0","0","0","0","0","0.0%"
"Travon McMillian (PIT)","0","0","0","0","0","0","0","0","0","0","0","0","0","0","0","0.0%"
"Nick Brossette (NE)","0","0","0","0","0","0","0","0","0","0","0","0","0","0","0","0.0%"
"Ty Johnson (DET)","0","0","0","0","0","0","0","0","0","0","0","0","0","0","0","0.2%"
"Dexter Williams (GB)","0","0","0","0","0","0","0","0","0","0","0","0","0","0","0","1.0%"
"Qadree Ollison (ATL)","0","0","0","0","0","0","0","0","0","0","0","0","0","0","0","0.7%"
"Wes Hills (ARI)","0","0","0","0","0","0","0","0","0","0","0","0","0","0","0","0.0%"
"Ryquell Armstead (JAC)","0","0","0","0","0","0","0","0","0","0","0","0","0","0","0","1.8%"
"Tre Watson (MIA)","0","0","0","0","0","0","0","0","0","0","0","0","0","0","0","0.0%"
"Alec Ingold (OAK)","0","0","0","0","0","0","0","0","0","0","0","0","0","0","0","0.0%"
"Darrell Henderson (LAR)","0","0","0","0","0","0","0","0","0","0","0","0","0","0","0","31.0%"
"Jordan Scarlett (CAR)","0","0","0","0","0","0","0","0","0","0","0","0","0","0","0","0.6%"
"Trayveon Williams (CIN)","0","0","0","0","0","0","0","0","0","0","0","0","0","0","0","0.6%"
"Rodney Anderson (CIN)","0","0","0","0","0","0","0","0","0","0","0","0","0","0","0","0.8%"
"Benny Snell Jr. (PIT)","0","0","0","0","0","0","0","0","0","0","0","0","0","0","0","2.2%"
"Travis Homer (SEA)","0","0","0","0","0","0","0","0","0","0","0","0","0","0","0","0.3%"
"Damarea Crockett (HOU)","0","0","0","0","0","0","0","0","0","0","0","0","0","0","0","0.0%"
"Mike Weber (DAL)","0","0","0","0","0","0","0","0","0","0","0","0","0","0","0","0.5%"
"Darwin Thompson (KC)","0","0","0","0","0","0","0","0","0","0","0","0","0","0","0","2.7%"
"Alexander Mattison (MIN)","0","0","0","0","0","0","0","0","0","0","0","0","0","0","0","4.3%"
"Karan Higdon (HOU)","0","0","0","0","0","0","0","0","0","0","0","0","0","0","0","0.3%"
"Kerrith Whyte (CHI)","0","0","0","0","0","0","0","0","0","0","0","0","0","0","0","0.1%"
"Alex Barnes (TEN)","0","0","0","0","0","0","0","0","0","0","0","0","0","0","0","0.1%"
"Darrin Hall (CIN)","0","0","0","0","0","0","0","0","0","0","0","0","0","0","0","0.0%"
"Matt Colburn (LAR)","0","0","0","0","0","0","0","0","0","0","0","0","0","0","0","0.0%"
"Devine Ozigbo (NO)","0","0","0","0","0","0","0","0","0","0","0","0","0","0","0","0.4%"
"Christian Wade (BUF)","0","0","0","0","0","0","0","0","0","0","0","0","0","0","0","0.0%"
"Jakob Johnson (NE)","0","0","0","0","0","0","0","0","0","0","0","0","0","0","0","0.0%"
"Valentine Holmes (NYJ)","0","0","0","0","0","0","0","0","0","0","0","0","0","0","0","0.0%"
"Chandler Cox (MIA)","0","0","0","0","0","0","0","0","0","0","0","0","0","0","0","0.0%"
"Cullen Gillaspia (HOU)","0","0","0","0","0","0","0","0","0","0","0","0","0","0","0","0.0%"
"Tony Pollard (DAL)","0","0","0","0","0","0","0","0","0","0","0","0","0","0","0","1.5%"
"Marcus Green (ATL)","0","0","0","0","0","0","0","0","0","0","0","0","0","0","0","0.1%"
"Bruce Anderson (TB)","0","0","0","0","0","0","0","0","0","0","0","0","0","0","0","0.6%"
"Trayone Gray (CLE)","0","0","0","0","0","0","0","0","0","0","0","0","0","0","0","0.0%"
"George Aston (DEN)","0","0","0","0","0","0","0","0","0","0","0","0","0","0","0","0.0%"
"Devontae Jackson (DEN)","0","0","0","0","0","0","0","0","0","0","0","0","0","0","0","0.0%"
"Khari Blasingame (MIN)","0","0","0","0","0","0","0","0","0","0","0","0","0","0","0","0.0%"
"Olamide Zaccheaus (ATL)","0","0","0","0","0","0","0","0","0","0","0","0","0","0","0","0.0%"
"Dontae Strickland (ARI)","0","0","0","0","0","0","0","0","0","0","0","0","0","0","0","0.0%"
"Xavier Turner (ARI)","0","0","0","0","0","0","0","0","0","0","0","0","0","0","0","0.0%"
"Jeremy Cox (LAC)","0","0","0","0","0","0","0","0","0","0","0","0","0","0","0",""
"Jonathan Hilliman (NYG)","0","0","0","0","0","0","0","0","0","0","0","0","0","0","0","0.0%"
"Austin Walter (SF)","0","0","0","0","0","0","0","0","0","0","0","0","0","0","0","0.0%"
"Marcus Marshall (KC)","0","0","0","0","0","0","0","0","0","0","0","0","0","0","0","0.0%"
"Tony Brooks-James (ATL)","0","0","0","0","0","0","0","0","0","0","0","0","0","0","0","0.0%"
"Craig Reynolds (WAS)","0","0","0","0","0","0","0","0","0","0","0","0","0","0","0","0.0%"
"Jordan Ellis (CIN)","0","0","0","0","0","0","0","0","0","0","0","0","0","0","0","0.0%"
"Marcelias Sutton (SEA)","0","0","0","0","0","0","0","0","0","0","0","0","0","0","0","0.0%"
"Josh Caldwell (KC)","0","0","0","0","0","0","0","0","0","0","0","0","0","0","0","0.0%"
"De'Angelo Henderson (NYJ)","2","19","9.5","13","0","0","0","0","0","0","0","1","2","-0.1","-0.1","0.1%"
"Robert Turbin (FA)","4","10","2.5","5","0","0","1","2","3","3.0","0","1","2","-0.7","-0.4","0.1%"
""
""